Clusters,EXT,EST,AGR,CSN,OPN
0,-0.6108840211226283,1.8836006258556575,1.709319381967543,1.4917954234304729,1.4527576765108638
1,0.36918332099679213,1.2964594127806566,1.2568714532445162,0.3757463607204542,1.4211324944485701
2,-0.8783333333333269,2.752909090909075,1.1409090909090969,0.42883838383838524,1.2867979797979898
3,-0.8179355441382508,1.3782344698738904,0.2882609372567341,1.1383465670247563,1.432087809434843
4,0.7116719242902201,2.5613412028085905,1.712068790068175,0.8156405820698083,1.553007021471468
5,0.853175035399193,0.9896743274153154,1.8290491231891948,1.5750027230149242,1.6861670841956438
